seconds,input,load,reach_m,arm_deg,trunk_est_deg,moment_Nm,table_m,supply_m,speed_mps,state
0.25,SIM,8.00,0.100,14.8,3.4,0.00,0.820,1.620,0.55,OBSERVE / collecting baseline
0.52,SIM,8.00,0.133,26.5,4.2,0.00,0.820,1.620,0.55,OBSERVE / collecting baseline
0.77,SIM,26.88,0.327,69.3,5.3,0.00,0.820,1.620,0.55,OBSERVE / collecting baseline
1.03,SIM,52.94,0.567,94.3,6.4,0.00,0.820,1.620,0.55,OBSERVE / collecting baseline
1.30,SIM,71.99,0.789,103.9,7.5,0.00,0.820,1.620,0.55,OBSERVE / collecting baseline
1.55,SIM,83.92,0.939,107.7,8.5,0.00,0.820,1.620,0.55,OBSERVE / collecting baseline
1.81,SIM,100.00,0.993,108.9,9.4,29.23,0.820,1.620,0.55,OBSERVE / collecting baseline
2.07,SIM,100.00,0.985,109.0,10.1,29.00,0.820,1.620,0.55,OBSERVE / collecting baseline
2.34,SIM,100.00,0.980,109.1,10.7,28.83,0.820,1.620,0.55,OBSERVE / collecting baseline
2.59,SIM,100.00,0.976,109.2,11.0,28.72,0.820,1.620,0.55,OBSERVE / collecting baseline
2.85,SIM,100.00,0.974,109.2,11.2,28.65,0.820,1.620,0.55,OBSERVE / collecting baseline
3.10,SIM,100.00,0.945,107.6,11.3,27.81,0.820,1.620,0.55,OBSERVE / collecting baseline
3.37,SIM,94.51,0.868,101.0,11.1,25.54,0.820,1.620,0.55,OBSERVE / collecting baseline
3.63,SIM,83.17,0.803,89.4,10.7,23.62,0.820,1.620,0.55,OBSERVE / collecting baseline
3.88,SIM,76.09,0.793,77.0,10.2,23.34,0.820,1.620,0.55,OBSERVE / collecting baseline
4.14,SIM,74.65,0.831,68.3,9.5,24.47,0.820,1.620,0.55,OBSERVE / collecting baseline
4.41,SIM,75.74,0.869,65.3,8.6,25.57,0.820,1.620,0.55,OBSERVE / collecting baseline
4.67,SIM,55.39,0.827,64.1,7.6,0.00,0.820,1.620,0.55,OBSERVE / collecting baseline
4.92,SIM,43.90,0.685,59.4,6.6,0.00,0.820,1.620,0.55,OBSERVE / collecting baseline
5.19,SIM,25.86,0.480,49.6,5.5,0.00,0.820,1.620,0.55,OBSERVE / collecting baseline
5.45,SIM,9.96,0.280,34.1,4.4,0.00,0.820,1.620,0.55,OBSERVE / collecting baseline
5.71,SIM,8.00,0.159,20.8,3.5,0.00,0.820,1.620,0.55,OBSERVE / collecting baseline
5.96,SIM,8.00,0.140,18.5,3.1,0.00,0.820,1.620,0.55,OBSERVE / collecting baseline
6.23,SIM,8.00,0.106,15.4,3.3,0.00,0.820,1.620,0.55,OBSERVE / collecting baseline
6.48,SIM,8.00,0.141,18.6,3.4,0.00,0.850,1.582,0.52,ACT / controlled equipment motion
6.74,SIM,8.00,0.141,18.6,3.4,0.00,0.850,1.543,0.50,ACT / controlled equipment motion
6.99,SIM,8.00,0.141,18.6,3.4,0.00,0.850,1.505,0.47,ACT / controlled equipment motion
7.24,SIM,8.00,0.141,18.6,3.4,0.00,0.850,1.468,0.45,ACT / controlled equipment motion
7.51,SIM,8.00,0.141,18.6,3.4,0.00,0.850,1.428,0.42,ACT / controlled equipment motion
7.76,SIM,8.00,0.141,18.6,3.4,0.00,0.850,1.391,0.40,ACT / controlled equipment motion
8.02,SIM,8.00,0.141,18.6,3.4,0.00,0.850,1.351,0.37,ACT / controlled equipment motion
8.27,SIM,8.00,0.141,18.6,3.4,0.00,0.850,1.314,0.35,ACT / controlled equipment motion
8.53,SIM,8.00,0.141,18.6,3.4,0.00,0.850,1.274,0.32,ACT / controlled equipment motion
8.80,SIM,8.00,0.141,18.6,3.4,0.00,0.850,1.235,0.29,ACT / controlled equipment motion
9.05,SIM,8.00,0.141,18.6,3.4,0.00,0.850,1.197,0.27,ACT / controlled equipment motion
9.30,SIM,8.00,0.141,18.6,3.4,0.00,0.850,1.160,0.26,ACT / controlled equipment motion
9.56,SIM,8.00,0.141,18.6,3.4,0.00,0.850,1.120,0.26,ACT / controlled equipment motion
9.81,SIM,8.00,0.141,18.6,3.4,0.00,0.850,1.083,0.26,ACT / controlled equipment motion
10.07,SIM,8.00,0.141,18.6,3.4,0.00,0.850,1.043,0.26,ACT / controlled equipment motion
10.34,SIM,8.00,0.141,18.6,3.4,0.00,0.850,1.003,0.26,ACT / controlled equipment motion
10.60,SIM,8.00,0.141,18.6,3.4,0.00,0.850,0.964,0.26,ACT / controlled equipment motion
10.87,SIM,8.00,0.118,15.7,3.1,0.00,0.850,0.951,0.26,VERIFY / measuring post-adjustment cycles
11.12,SIM,8.00,0.057,8.0,3.1,0.00,0.850,0.951,0.26,VERIFY / measuring post-adjustment cycles
11.38,SIM,8.00,0.176,24.3,3.1,0.00,0.850,0.951,0.26,VERIFY / measuring post-adjustment cycles
11.64,SIM,15.80,0.363,44.5,3.1,0.00,0.850,0.951,0.26,VERIFY / measuring post-adjustment cycles
11.91,SIM,33.82,0.546,57.3,3.1,0.00,0.850,0.951,0.26,VERIFY / measuring post-adjustment cycles
12.16,SIM,45.87,0.683,63.8,3.1,0.00,0.850,0.951,0.26,VERIFY / measuring post-adjustment cycles
12.41,SIM,51.88,0.756,66.5,3.1,0.00,0.850,0.951,0.26,VERIFY / measuring post-adjustment cycles
12.67,SIM,66.82,0.761,66.6,3.1,22.38,0.850,0.951,0.26,VERIFY / measuring post-adjustment cycles
12.92,SIM,66.82,0.761,66.6,3.1,22.38,0.850,0.951,0.26,VERIFY / measuring post-adjustment cycles
13.18,SIM,66.82,0.761,66.6,3.1,22.38,0.850,0.951,0.26,VERIFY / measuring post-adjustment cycles
13.43,SIM,66.82,0.761,66.6,3.1,22.38,0.850,0.951,0.26,VERIFY / measuring post-adjustment cycles
13.70,SIM,65.83,0.751,66.3,3.1,22.09,0.850,0.951,0.26,VERIFY / measuring post-adjustment cycles
13.95,SIM,60.68,0.700,64.4,3.1,20.61,0.850,0.951,0.26,VERIFY / measuring post-adjustment cycles
14.21,SIM,57.69,0.673,62.9,3.1,19.81,0.850,0.951,0.26,VERIFY / measuring post-adjustment cycles
14.46,SIM,63.29,0.732,64.2,3.1,21.56,0.850,0.951,0.26,VERIFY / measuring post-adjustment cycles
14.71,SIM,74.44,0.850,66.9,3.1,25.01,0.850,0.951,0.26,VERIFY / measuring post-adjustment cycles
14.98,SIM,84.08,0.953,68.8,3.1,28.05,0.850,0.951,0.26,VERIFY / measuring post-adjustment cycles
15.23,SIM,66.45,0.962,68.9,3.1,0.00,0.850,0.951,0.26,VERIFY / measuring post-adjustment cycles
15.49,SIM,57.31,0.843,65.9,3.1,0.00,0.850,0.951,0.26,VERIFY / measuring post-adjustment cycles
15.74,SIM,41.66,0.652,59.3,3.1,0.00,0.850,0.951,0.26,VERIFY / measuring post-adjustment cycles
15.99,SIM,21.73,0.433,47.3,3.1,0.00,0.850,0.951,0.26,VERIFY / measuring post-adjustment cycles
16.24,SIM,8.33,0.243,30.7,3.1,0.00,0.850,0.951,0.26,VERIFY / measuring post-adjustment cycles
16.50,SIM,8.00,0.147,19.4,3.1,0.00,0.850,0.951,0.26,VERIFY / measuring post-adjustment cycles
16.77,SIM,8.00,0.135,17.9,3.1,0.00,0.850,0.951,0.26,VERIFY / measuring post-adjustment cycles
17.02,SIM,8.00,0.075,10.3,3.1,0.00,0.850,0.951,0.26,VERIFY / measuring post-adjustment cycles
17.28,SIM,8.00,0.114,16.1,3.1,0.00,0.850,0.951,0.26,VERIFY / measuring post-adjustment cycles
17.55,SIM,11.67,0.291,37.6,3.1,0.00,0.850,0.951,0.26,VERIFY / measuring post-adjustment cycles
17.80,SIM,26.76,0.471,52.7,3.1,0.00,0.850,0.951,0.26,VERIFY / measuring post-adjustment cycles
18.06,SIM,41.76,0.635,61.7,3.1,0.00,0.850,0.951,0.26,VERIFY / measuring post-adjustment cycles
18.31,SIM,50.32,0.737,65.8,3.1,0.00,0.850,0.951,0.26,VERIFY / measuring post-adjustment cycles
18.57,SIM,66.82,0.761,66.6,3.1,22.38,0.850,0.951,0.26,VERIFY / measuring post-adjustment cycles
18.84,SIM,66.82,0.761,66.6,3.1,22.38,0.850,0.951,0.26,VERIFY / measuring post-adjustment cycles
19.10,SIM,66.82,0.761,66.6,3.1,22.38,0.850,0.951,0.26,VERIFY / measuring post-adjustment cycles
19.37,SIM,66.82,0.761,66.6,3.1,22.38,0.850,0.951,0.26,VERIFY / measuring post-adjustment cycles
19.63,SIM,66.58,0.758,66.5,3.1,22.31,0.850,0.951,0.26,VERIFY / measuring post-adjustment cycles
19.89,SIM,61.94,0.712,64.9,3.1,20.96,0.850,0.951,0.26,VERIFY / measuring post-adjustment cycles
20.16,SIM,57.67,0.672,63.0,3.1,19.79,0.850,0.951,0.26,VERIFY / measuring post-adjustment cycles
20.42,SIM,61.79,0.717,63.8,3.1,21.10,0.850,0.951,0.26,VERIFY / measuring post-adjustment cycles
20.67,SIM,72.48,0.829,66.4,3.1,24.40,0.850,0.951,0.26,VERIFY / measuring post-adjustment cycles
20.93,SIM,83.00,0.942,68.6,3.1,27.71,0.850,0.951,0.26,VERIFY / measuring post-adjustment cycles
21.18,SIM,67.00,0.969,69.1,3.1,0.00,0.850,0.951,0.26,VERIFY / measuring post-adjustment cycles
21.45,SIM,59.33,0.869,66.6,3.1,0.00,0.850,0.951,0.26,VERIFY / measuring post-adjustment cycles
21.71,SIM,43.63,0.675,60.2,3.1,0.00,0.850,0.951,0.26,VERIFY / measuring post-adjustment cycles
21.98,SIM,22.92,0.445,48.2,3.1,0.00,0.850,0.951,0.26,VERIFY / measuring post-adjustment cycles
22.23,SIM,8.78,0.252,31.6,3.1,0.00,0.850,0.951,0.26,VERIFY / measuring post-adjustment cycles
22.49,SIM,8.00,0.149,19.6,3.1,0.00,0.850,0.951,0.26,VERIFY / measuring post-adjustment cycles
22.75,SIM,8.00,0.137,18.0,3.1,0.00,0.850,0.951,0.26,VERIFY / measuring post-adjustment cycles
23.00,SIM,8.00,0.079,10.8,3.1,0.00,0.850,0.951,0.26,VERIFY / measuring post-adjustment cycles
23.27,SIM,8.00,0.106,15.0,3.1,0.00,0.850,0.951,0.26,VERIFY / measuring post-adjustment cycles
23.52,SIM,10.66,0.271,35.5,3.1,0.00,0.850,0.951,0.26,VERIFY / measuring post-adjustment cycles
23.78,SIM,25.83,0.461,52.1,3.1,0.00,0.850,0.951,0.26,VERIFY / measuring post-adjustment cycles
24.04,SIM,41.10,0.628,61.4,3.1,0.00,0.850,0.951,0.26,VERIFY / measuring post-adjustment cycles
24.29,SIM,50.00,0.733,65.7,3.1,0.00,0.850,0.951,0.26,VERIFY / measuring post-adjustment cycles
24.55,SIM,66.82,0.761,66.6,3.1,22.38,0.850,0.951,0.26,VERIFY / measuring post-adjustment cycles
24.80,SIM,66.82,0.761,66.6,3.1,22.38,0.850,0.951,0.26,VERIFY / measuring post-adjustment cycles
25.06,SIM,66.82,0.761,66.6,3.1,22.38,0.850,0.951,0.26,VERIFY / measuring post-adjustment cycles
25.31,SIM,66.82,0.761,66.6,3.1,22.38,0.850,0.951,0.26,VERIFY / measuring post-adjustment cycles
25.57,SIM,66.82,0.761,66.6,3.1,22.38,0.850,0.951,0.26,VERIFY / measuring post-adjustment cycles
25.84,SIM,63.21,0.725,65.4,3.1,21.33,0.850,0.951,0.26,VERIFY / measuring post-adjustment cycles
26.09,SIM,58.20,0.677,63.4,3.1,19.92,0.850,0.951,0.26,VERIFY / measuring post-adjustment cycles
26.35,SIM,59.77,0.696,63.3,3.1,20.47,0.850,0.951,0.26,VERIFY / measuring post-adjustment cycles
26.62,SIM,69.92,0.802,65.8,3.1,23.60,0.850,0.951,0.26,VERIFY / measuring post-adjustment cycles
26.88,SIM,81.26,0.923,68.3,3.1,27.16,0.850,0.951,0.26,VERIFY / measuring post-adjustment cycles
27.13,SIM,67.30,0.973,69.2,3.1,0.00,0.850,0.951,0.26,VERIFY / measuring post-adjustment cycles
27.38,SIM,62.21,0.906,67.6,3.1,0.00,0.850,0.951,0.26,VERIFY / measuring post-adjustment cycles
27.64,SIM,48.34,0.732,62.4,3.1,0.00,0.850,0.951,0.26,VERIFY / measuring post-adjustment cycles
27.91,SIM,28.66,0.505,52.0,3.1,0.00,0.850,0.951,0.26,VERIFY / measuring post-adjustment cycles
28.16,SIM,11.04,0.299,36.3,3.1,0.00,0.850,0.951,0.26,VERIFY / measuring post-adjustment cycles
28.42,SIM,8.00,0.163,21.3,3.1,0.00,0.850,0.951,0.26,VERIFY / measuring post-adjustment cycles
28.68,SIM,8.00,0.140,18.4,3.1,0.00,0.850,0.951,0.26,VERIFY / measuring post-adjustment cycles
28.93,SIM,8.00,0.100,13.5,3.1,0.00,0.850,0.951,0.26,VERIFY / measuring post-adjustment cycles
29.20,SIM,8.00,0.074,10.4,3.1,0.00,0.850,0.951,0.26,VERIFY / measuring post-adjustment cycles
29.45,SIM,8.01,0.222,30.0,3.1,0.00,0.850,0.951,0.26,VERIFY / measuring post-adjustment cycles
29.71,SIM,20.89,0.412,48.5,3.1,0.00,0.850,0.951,0.26,VERIFY / measuring post-adjustment cycles
29.96,SIM,36.93,0.580,59.1,3.1,0.00,0.850,0.951,0.26,VERIFY / measuring post-adjustment cycles
30.23,SIM,48.19,0.711,64.8,3.1,0.00,0.850,0.951,0.26,VERIFY / measuring post-adjustment cycles
30.48,SIM,52.26,0.761,66.6,3.1,0.00,0.850,0.951,0.26,VERIFY / measuring post-adjustment cycles
30.74,SIM,66.82,0.761,66.6,3.1,22.38,0.850,0.951,0.26,VERIFY / measuring post-adjustment cycles
30.99,SIM,66.82,0.761,66.6,3.1,22.38,0.850,0.951,0.26,VERIFY / measuring post-adjustment cycles
31.25,SIM,66.82,0.761,66.6,3.1,22.38,0.850,0.951,0.26,VERIFY / measuring post-adjustment cycles
31.52,SIM,66.82,0.761,66.6,3.1,22.38,0.850,0.951,0.26,VERIFY / measuring post-adjustment cycles
31.77,SIM,64.66,0.739,65.9,3.1,21.75,0.850,0.951,0.26,VERIFY / measuring post-adjustment cycles
32.02,SIM,59.26,0.687,63.8,3.1,20.21,0.850,0.951,0.26,VERIFY / measuring post-adjustment cycles
32.28,SIM,58.38,0.681,63.0,3.1,20.04,0.850,0.951,0.26,VERIFY / measuring post-adjustment cycles
32.53,SIM,66.17,0.762,64.9,3.1,22.44,0.850,0.951,0.26,VERIFY / measuring post-adjustment cycles
32.80,SIM,78.10,0.889,67.7,3.1,26.16,0.850,0.951,0.26,VERIFY / measuring post-adjustment cycles
33.06,SIM,85.54,0.969,69.1,3.1,28.52,0.850,0.951,0.26,VERIFY / measuring post-adjustment cycles
33.32,SIM,64.12,0.931,68.2,3.1,0.00,0.850,0.951,0.26,VERIFY / measuring post-adjustment cycles
33.59,SIM,51.82,0.774,63.8,3.1,0.00,0.850,0.951,0.26,VERIFY / measuring post-adjustment cycles
33.85,SIM,33.14,0.554,54.7,3.1,0.00,0.850,0.951,0.26,VERIFY / measuring post-adjustment cycles
34.10,SIM,12.85,0.341,40.1,3.1,0.00,0.850,0.951,0.26,VERIFY / measuring post-adjustment cycles
34.37,SIM,8.00,0.181,23.5,3.1,0.00,0.850,0.951,0.26,VERIFY / measuring post-adjustment cycles
34.62,SIM,8.00,0.141,18.5,3.1,0.00,0.850,0.951,0.26,VERIFY / measuring post-adjustment cycles
34.88,SIM,8.00,0.115,15.4,3.1,0.00,0.850,0.951,0.26,VERIFY / measuring post-adjustment cycles
35.14,SIM,8.00,0.059,8.2,3.1,0.00,0.850,0.951,0.26,VERIFY / measuring post-adjustment cycles
35.41,SIM,8.00,0.194,26.5,3.1,0.00,0.850,0.951,0.26,VERIFY / measuring post-adjustment cycles
35.67,SIM,17.81,0.382,46.1,3.1,0.00,0.850,0.951,0.26,VERIFY / measuring post-adjustment cycles
35.93,SIM,35.38,0.563,58.2,3.1,0.00,0.850,0.951,0.26,VERIFY / measuring post-adjustment cycles
36.18,SIM,46.84,0.695,64.2,3.1,0.00,0.850,0.951,0.26,VERIFY / measuring post-adjustment cycles
36.45,SIM,52.18,0.759,66.6,3.1,0.00,0.850,0.951,0.26,VERIFY / measuring post-adjustment cycles
36.71,SIM,66.82,0.761,66.6,3.1,22.38,0.850,0.951,0.26,VERIFY / measuring post-adjustment cycles
36.96,SIM,66.82,0.761,66.6,3.1,22.38,0.850,0.951,0.26,VERIFY / measuring post-adjustment cycles
37.23,SIM,66.82,0.761,66.6,3.1,22.38,0.850,0.951,0.26,VERIFY / measuring post-adjustment cycles
37.49,SIM,66.82,0.761,66.6,3.1,22.38,0.850,0.951,0.26,VERIFY / measuring post-adjustment cycles
37.75,SIM,64.91,0.742,66.0,3.1,21.83,0.850,0.951,0.26,VERIFY / measuring post-adjustment cycles
38.02,SIM,59.26,0.687,63.8,3.1,20.21,0.850,0.951,0.26,VERIFY / measuring post-adjustment cycles
38.28,SIM,58.37,0.681,63.0,3.1,20.04,0.850,0.951,0.26,VERIFY / measuring post-adjustment cycles
38.53,SIM,66.17,0.763,64.9,3.1,22.44,0.850,0.951,0.26,VERIFY / measuring post-adjustment cycles
38.80,SIM,78.11,0.889,67.7,3.1,26.16,0.850,0.951,0.26,VERIFY / measuring post-adjustment cycles
39.05,SIM,85.39,0.967,69.1,3.1,28.47,0.850,0.951,0.26,VERIFY / measuring post-adjustment cycles
39.30,SIM,64.89,0.941,68.5,3.1,0.00,0.850,0.951,0.26,VERIFY / measuring post-adjustment cycles
39.56,SIM,53.41,0.794,64.5,3.1,0.00,0.850,0.951,0.26,VERIFY / measuring post-adjustment cycles
39.82,SIM,35.22,0.578,55.9,3.1,0.00,0.850,0.951,0.26,VERIFY / measuring post-adjustment cycles
40.08,SIM,14.51,0.362,41.9,3.1,0.00,0.850,0.951,0.26,VERIFY / measuring post-adjustment cycles
40.33,SIM,8.00,0.197,25.5,3.1,0.00,0.850,0.951,0.26,VERIFY / measuring post-adjustment cycles
40.59,SIM,8.00,0.141,18.6,3.1,0.00,0.850,0.951,0.26,VERIFY / measuring post-adjustment cycles
40.85,SIM,8.00,0.121,16.1,3.1,0.00,0.850,0.951,0.26,VERIFY / measuring post-adjustment cycles
41.10,SIM,8.00,0.057,8.0,3.1,0.00,0.850,0.951,0.26,VERIFY / measuring post-adjustment cycles
41.37,SIM,8.00,0.167,23.1,3.1,0.00,0.850,0.951,0.26,VERIFY / measuring post-adjustment cycles
41.63,SIM,14.72,0.353,43.6,3.1,0.00,0.850,0.951,0.26,VERIFY / measuring post-adjustment cycles
41.89,SIM,33.03,0.537,56.8,3.1,0.00,0.850,0.951,0.26,VERIFY / measuring post-adjustment cycles
42.14,SIM,45.38,0.677,63.5,3.1,0.00,0.850,0.951,0.26,VERIFY / measuring post-adjustment cycles
42.41,SIM,51.88,0.756,66.5,3.1,0.00,0.850,0.951,0.26,VERIFY / measuring post-adjustment cycles
42.67,SIM,66.82,0.761,66.6,3.1,22.38,0.850,0.951,0.26,VERIFY / measuring post-adjustment cycles
42.94,SIM,66.82,0.761,66.6,3.1,22.38,0.850,0.951,0.26,VERIFY / measuring post-adjustment cycles
43.19,SIM,66.82,0.761,66.6,3.1,22.38,0.850,0.951,0.26,VERIFY / measuring post-adjustment cycles
43.45,SIM,66.82,0.761,66.6,3.1,22.38,0.850,0.951,0.26,VERIFY / measuring post-adjustment cycles
43.71,SIM,65.60,0.748,66.2,3.1,22.03,0.850,0.951,0.26,VERIFY / measuring post-adjustment cycles
43.98,SIM,60.06,0.694,64.2,3.1,20.43,0.850,0.951,0.26,VERIFY / measuring post-adjustment cycles
44.23,SIM,57.78,0.674,62.9,3.1,19.85,0.850,0.951,0.26,VERIFY / measuring post-adjustment cycles
44.49,SIM,64.45,0.745,64.5,3.1,21.91,0.850,0.951,0.26,VERIFY / measuring post-adjustment cycles
44.74,SIM,75.76,0.864,67.2,3.1,25.42,0.850,0.951,0.26,VERIFY / measuring post-adjustment cycles
45.01,SIM,84.71,0.960,69.0,3.1,28.25,0.850,0.951,0.26,VERIFY / measuring post-adjustment cycles
45.27,SIM,65.60,0.951,68.7,3.1,0.00,0.850,0.951,0.26,VERIFY / measuring post-adjustment cycles
45.52,SIM,55.75,0.824,65.3,3.1,0.00,0.850,0.951,0.26,VERIFY / measuring post-adjustment cycles
45.77,SIM,39.45,0.626,58.2,3.1,0.00,0.850,0.951,0.26,VERIFY / measuring post-adjustment cycles
46.03,SIM,18.05,0.396,44.7,3.1,0.00,0.850,0.951,0.26,VERIFY / measuring post-adjustment cycles
46.30,SIM,8.00,0.211,27.1,3.1,0.00,0.850,0.951,0.26,VERIFY / measuring post-adjustment cycles
46.56,SIM,8.00,0.142,18.8,3.1,0.00,0.850,0.951,0.26,VERIFY / measuring post-adjustment cycles
46.81,SIM,8.00,0.129,17.1,3.1,0.00,0.850,0.951,0.26,VERIFY / measuring post-adjustment cycles
47.08,SIM,8.00,0.061,8.5,3.1,0.00,0.850,0.951,0.26,VERIFY / measuring post-adjustment cycles
47.34,SIM,8.00,0.149,20.7,3.1,0.00,0.850,0.951,0.26,VERIFY / measuring post-adjustment cycles
47.59,SIM,13.17,0.323,40.8,3.1,0.00,0.850,0.951,0.26,VERIFY / measuring post-adjustment cycles
47.84,SIM,29.60,0.501,54.6,3.1,0.00,0.850,0.951,0.26,VERIFY / measuring post-adjustment cycles
48.10,SIM,43.68,0.657,62.7,3.1,0.00,0.850,0.951,0.26,VERIFY / measuring post-adjustment cycles
48.35,SIM,51.14,0.747,66.2,3.1,0.00,0.850,0.951,0.26,VERIFY / measuring post-adjustment cycles
48.60,SIM,66.82,0.761,66.6,3.1,22.38,0.850,0.951,0.26,VERIFY / measuring post-adjustment cycles
48.87,SIM,66.82,0.761,66.6,3.1,22.38,0.850,0.951,0.26,VERIFY / measuring post-adjustment cycles
49.12,SIM,66.82,0.761,66.6,3.1,22.38,0.850,0.951,0.26,VERIFY / measuring post-adjustment cycles
49.38,SIM,66.82,0.761,66.6,3.1,22.38,0.850,0.951,0.26,VERIFY / measuring post-adjustment cycles
49.64,SIM,66.45,0.757,66.5,3.1,22.28,0.850,0.951,0.26,VERIFY / measuring post-adjustment cycles
49.91,SIM,61.59,0.709,64.8,3.1,20.86,0.850,0.951,0.26,VERIFY / measuring post-adjustment cycles
50.16,SIM,57.66,0.672,63.0,3.1,19.78,0.850,0.951,0.26,VERIFY / measuring post-adjustment cycles
50.42,SIM,61.86,0.717,63.8,3.1,21.12,0.850,0.951,0.26,VERIFY / measuring post-adjustment cycles
50.67,SIM,72.57,0.830,66.5,3.1,24.42,0.850,0.951,0.26,VERIFY / measuring post-adjustment cycles
50.94,SIM,83.07,0.942,68.6,3.1,27.73,0.850,0.951,0.26,VERIFY / measuring post-adjustment cycles
51.20,SIM,66.83,0.967,69.0,3.1,0.00,0.850,0.951,0.26,VERIFY / measuring post-adjustment cycles
51.45,SIM,59.22,0.868,66.6,3.1,0.00,0.850,0.951,0.26,VERIFY / measuring post-adjustment cycles
51.71,SIM,43.51,0.673,60.2,3.1,0.00,0.850,0.951,0.26,VERIFY / measuring post-adjustment cycles
51.98,SIM,22.75,0.444,48.1,3.1,0.00,0.850,0.951,0.26,VERIFY / measuring post-adjustment cycles
52.24,SIM,8.28,0.242,30.6,3.1,0.00,0.850,0.951,0.26,VERIFY / measuring post-adjustment cycles
52.50,SIM,8.00,0.147,19.4,3.1,0.00,0.850,0.951,0.26,VERIFY / measuring post-adjustment cycles
52.77,SIM,8.00,0.135,17.8,3.1,0.00,0.850,0.951,0.26,VERIFY / measuring post-adjustment cycles
53.03,SIM,8.00,0.071,9.7,3.1,0.00,0.850,0.951,0.26,VERIFY / measuring post-adjustment cycles
53.28,SIM,8.00,0.115,16.2,3.1,0.00,0.850,0.951,0.26,VERIFY / measuring post-adjustment cycles
53.53,SIM,11.23,0.282,36.7,3.1,0.00,0.850,0.951,0.26,VERIFY / measuring post-adjustment cycles
53.80,SIM,26.82,0.472,52.7,3.1,0.00,0.850,0.951,0.26,VERIFY / measuring post-adjustment cycles
54.05,SIM,41.20,0.629,61.4,3.1,0.00,0.850,0.951,0.26,VERIFY / measuring post-adjustment cycles
54.31,SIM,50.35,0.737,65.8,3.1,0.00,0.850,0.951,0.26,VERIFY / measuring post-adjustment cycles
54.56,SIM,66.82,0.761,66.6,3.1,22.38,0.850,0.951,0.26,VERIFY / measuring post-adjustment cycles
54.82,SIM,66.82,0.761,66.6,3.1,22.38,0.850,0.951,0.26,VERIFY / measuring post-adjustment cycles
55.09,SIM,66.82,0.761,66.6,3.1,22.38,0.850,0.951,0.26,VERIFY / measuring post-adjustment cycles
55.35,SIM,66.82,0.761,66.6,3.1,22.38,0.850,0.951,0.26,VERIFY / measuring post-adjustment cycles
55.60,SIM,66.74,0.760,66.6,3.1,22.36,0.850,0.951,0.26,VERIFY / measuring post-adjustment cycles
55.85,SIM,62.86,0.721,65.3,3.1,21.23,0.850,0.951,0.26,VERIFY / measuring post-adjustment cycles
56.10,SIM,58.04,0.675,63.3,3.1,19.88,0.850,0.951,0.26,VERIFY / measuring post-adjustment cycles
56.35,SIM,59.80,0.696,63.3,3.1,20.48,0.850,0.951,0.26,VERIFY / measuring post-adjustment cycles
56.62,SIM,69.97,0.802,65.9,3.1,23.61,0.850,0.951,0.26,VERIFY / measuring post-adjustment cycles
56.87,SIM,80.84,0.918,68.2,3.1,27.02,0.850,0.951,0.26,VERIFY / measuring post-adjustment cycles
57.13,SIM,67.29,0.973,69.2,3.1,0.00,0.850,0.951,0.26,VERIFY / measuring post-adjustment cycles
57.40,SIM,61.59,0.898,67.4,3.1,0.00,0.850,0.951,0.26,VERIFY / measuring post-adjustment cycles
57.66,SIM,47.35,0.719,61.9,3.1,0.00,0.850,0.951,0.26,VERIFY / measuring post-adjustment cycles
57.92,SIM,27.39,0.492,51.2,3.1,0.00,0.850,0.951,0.26,VERIFY / measuring post-adjustment cycles
58.19,SIM,10.07,0.278,34.3,3.1,0.00,0.850,0.951,0.26,VERIFY / measuring post-adjustment cycles
58.45,SIM,8.00,0.156,20.5,3.1,0.00,0.850,0.951,0.26,VERIFY / measuring post-adjustment cycles
58.71,SIM,8.00,0.139,18.4,3.1,0.00,0.850,0.951,0.26,VERIFY / measuring post-adjustment cycles
58.98,SIM,8.00,0.087,11.8,3.1,0.00,0.850,0.951,0.26,VERIFY / measuring post-adjustment cycles
59.24,SIM,8.00,0.093,13.1,3.1,0.00,0.850,0.951,0.26,VERIFY / measuring post-adjustment cycles
59.49,SIM,9.68,0.252,33.5,3.1,0.00,0.850,0.951,0.26,VERIFY / measuring post-adjustment cycles
59.76,SIM,23.97,0.442,50.7,3.1,0.00,0.850,0.951,0.26,VERIFY / measuring post-adjustment cycles
60.01,SIM,39.16,0.605,60.3,3.1,0.00,0.850,0.951,0.26,VERIFY / measuring post-adjustment cycles
60.27,SIM,49.38,0.725,65.4,3.1,0.00,0.850,0.951,0.26,VERIFY / measuring post-adjustment cycles
60.52,SIM,66.82,0.761,66.6,3.1,22.38,0.850,0.951,0.26,VERIFY / measuring post-adjustment cycles
60.78,SIM,66.82,0.761,66.6,3.1,22.38,0.850,0.951,0.26,VERIFY / measuring post-adjustment cycles
61.05,SIM,66.82,0.761,66.6,3.1,22.38,0.850,0.951,0.26,VERIFY / measuring post-adjustment cycles
61.31,SIM,66.82,0.761,66.6,3.1,22.38,0.850,0.951,0.26,VERIFY / measuring post-adjustment cycles
61.56,SIM,66.82,0.761,66.6,3.1,22.38,0.850,0.951,0.26,VERIFY / measuring post-adjustment cycles
61.81,SIM,63.77,0.730,65.6,3.1,21.49,0.850,0.951,0.26,VERIFY / measuring post-adjustment cycles
62.07,SIM,58.36,0.678,63.4,3.1,19.96,0.850,0.951,0.26,VERIFY / measuring post-adjustment cycles
62.34,SIM,59.45,0.692,63.2,3.1,20.38,0.850,0.951,0.26,VERIFY / measuring post-adjustment cycles
62.60,SIM,69.32,0.796,65.7,3.1,23.42,0.850,0.951,0.26,VERIFY / measuring post-adjustment cycles
62.87,SIM,80.81,0.918,68.2,3.1,27.01,0.850,0.951,0.26,VERIFY / measuring post-adjustment cycles
63.12,SIM,85.90,0.973,69.2,3.1,28.63,0.850,0.951,0.26,VERIFY / measuring post-adjustment cycles
63.38,SIM,62.17,0.906,67.6,3.1,0.00,0.850,0.951,0.26,VERIFY / measuring post-adjustment cycles
63.64,SIM,48.27,0.731,62.3,3.1,0.00,0.850,0.951,0.26,VERIFY / measuring post-adjustment cycles
63.91,SIM,28.58,0.505,51.9,3.1,0.00,0.850,0.951,0.26,VERIFY / measuring post-adjustment cycles
64.16,SIM,11.00,0.298,36.3,3.1,0.00,0.850,0.951,0.26,VERIFY / measuring post-adjustment cycles
64.42,SIM,8.00,0.162,21.3,3.1,0.00,0.850,0.951,0.26,VERIFY / measuring post-adjustment cycles
64.69,SIM,8.00,0.140,18.4,3.1,0.00,0.850,0.951,0.26,VERIFY / measuring post-adjustment cycles
64.94,SIM,8.00,0.099,13.5,3.1,0.00,0.850,0.951,0.26,VERIFY / measuring post-adjustment cycles
65.20,SIM,8.00,0.074,10.4,3.1,0.00,0.850,0.951,0.26,VERIFY / measuring post-adjustment cycles
65.45,SIM,8.05,0.223,30.1,3.1,0.00,0.850,0.951,0.26,VERIFY / measuring post-adjustment cycles
65.70,SIM,20.00,0.403,47.8,3.1,0.00,0.850,0.951,0.26,VERIFY / measuring post-adjustment cycles
65.96,SIM,36.95,0.580,59.1,3.1,0.00,0.850,0.951,0.26,VERIFY / measuring post-adjustment cycles
66.21,SIM,47.78,0.706,64.7,3.1,0.00,0.850,0.951,0.26,VERIFY / measuring post-adjustment cycles
66.48,SIM,52.26,0.761,66.6,3.1,0.00,0.850,0.951,0.26,VERIFY / measuring post-adjustment cycles
66.74,SIM,66.82,0.761,66.6,3.1,22.38,0.850,0.951,0.26,VERIFY / measuring post-adjustment cycles
67.00,SIM,66.82,0.761,66.6,3.1,22.38,0.850,0.951,0.26,VERIFY / measuring post-adjustment cycles
67.25,SIM,66.82,0.761,66.6,3.1,22.38,0.850,0.951,0.26,VERIFY / measuring post-adjustment cycles
67.50,SIM,66.82,0.761,66.6,3.1,22.38,0.850,0.951,0.26,VERIFY / measuring post-adjustment cycles
67.76,SIM,64.77,0.740,65.9,3.1,21.78,0.850,0.951,0.26,VERIFY / measuring post-adjustment cycles
68.01,SIM,59.38,0.688,63.9,3.1,20.24,0.850,0.951,0.26,VERIFY / measuring post-adjustment cycles
68.28,SIM,58.30,0.680,63.0,3.1,20.01,0.850,0.951,0.26,VERIFY / measuring post-adjustment cycles
68.54,SIM,66.49,0.766,65.0,3.1,22.54,0.850,0.951,0.26,VERIFY / measuring post-adjustment cycles
68.79,SIM,77.85,0.886,67.6,3.1,26.08,0.850,0.951,0.26,VERIFY / measuring post-adjustment cycles
69.05,SIM,85.47,0.968,69.1,3.1,28.49,0.850,0.951,0.26,VERIFY / measuring post-adjustment cycles
69.30,SIM,64.70,0.939,68.4,3.1,0.00,0.850,0.951,0.26,VERIFY / measuring post-adjustment cycles
69.57,SIM,53.01,0.789,64.3,3.1,0.00,0.850,0.951,0.26,VERIFY / measuring post-adjustment cycles
69.82,SIM,35.76,0.584,56.2,3.1,0.00,0.850,0.951,0.26,VERIFY / measuring post-adjustment cycles
70.08,SIM,13.98,0.357,41.5,3.1,0.00,0.850,0.951,0.26,VERIFY / measuring post-adjustment cycles
70.33,SIM,8.00,0.194,25.2,3.1,0.00,0.850,0.951,0.26,VERIFY / measuring post-adjustment cycles
70.60,SIM,8.00,0.141,18.6,3.1,0.00,0.850,0.951,0.26,VERIFY / measuring post-adjustment cycles
70.85,SIM,8.00,0.122,16.3,3.1,0.00,0.850,0.951,0.26,VERIFY / measuring post-adjustment cycles
71.11,SIM,8.00,0.057,8.0,3.1,0.00,0.850,0.951,0.26,VERIFY / measuring post-adjustment cycles
71.37,SIM,8.00,0.171,23.7,3.1,0.00,0.850,0.951,0.26,VERIFY / measuring post-adjustment cycles
71.64,SIM,15.21,0.358,44.0,3.1,0.00,0.850,0.951,0.26,VERIFY / measuring post-adjustment cycles
71.89,SIM,32.61,0.533,56.5,3.1,0.00,0.850,0.951,0.26,VERIFY / measuring post-adjustment cycles
72.15,SIM,45.61,0.680,63.6,3.1,0.00,0.850,0.951,0.26,VERIFY / measuring post-adjustment cycles
72.40,SIM,51.81,0.755,66.4,3.1,0.00,0.850,0.951,0.26,VERIFY / measuring post-adjustment cycles
72.67,SIM,66.82,0.761,66.6,3.1,22.38,0.850,0.951,0.26,VERIFY / measuring post-adjustment cycles
72.93,SIM,66.82,0.761,66.6,3.1,22.38,0.850,0.951,0.26,VERIFY / measuring post-adjustment cycles
73.19,SIM,66.82,0.761,66.6,3.1,22.38,0.850,0.951,0.26,VERIFY / measuring post-adjustment cycles
73.46,SIM,66.82,0.761,66.6,3.1,22.38,0.850,0.951,0.26,VERIFY / measuring post-adjustment cycles
73.71,SIM,65.70,0.749,66.3,3.1,22.06,0.850,0.951,0.26,VERIFY / measuring post-adjustment cycles
